Group,Subgroup,ESS 8,ESS 9,ESS 10,ESS 11,All Rounds,Percent of Group (%)
Manager,Belgium,170,125,98,68,461,4.976789377091655
Manager,Switzerland,105,142,109,122,478,5.160315232646011
Manager,Germany,200,173,437,130,940,10.147900248299687
Manager,Spain,83,106,143,145,477,5.14951959408399
Manager,Finland,88,101,61,78,328,3.5409694483428695
Manager,France,203,36,179,118,536,5.786462269243226
Manager,United Kingdom,155,195,129,180,659,7.114325812371802
Manager,Hungary,38,67,79,87,271,2.925618050307676
Manager,Ireland,225,162,62,208,657,7.09273453524776
Manager,Iceland,97,111,137,99,444,4.793263521537299
Manager,Italy,67,113,99,87,366,3.951203713699665
Manager,Lithuania,97,109,182,131,519,5.6029364136888695
Manager,Netherlands,144,155,130,179,608,6.563748245708734
Manager,Norway,150,160,113,130,553,5.969988124797582
Manager,Poland,199,174,268,190,831,8.971175645039404
Manager,Portugal,51,43,106,79,279,3.0119831588038433
Manager,Sweden,87,82,259,85,513,5.538162582316744
Manager,Slovenia,56,95,82,110,343,3.7029040267731834
Manager,Total,2215,2149,2673,2226,9263,100.0
Other Worker,Belgium,1337,1364,1024,1311,5036,4.641945266340366
Other Worker,Switzerland,999,975,977,869,3820,3.5210943044916996
Other Worker,Germany,2355,1883,7394,1994,13626,12.559798689268037
Other Worker,Spain,1666,1354,1877,1396,6293,5.8005880780539965
Other Worker,Finland,1760,1570,1459,1401,6190,5.705647577173723
Other Worker,France,1655,1733,1563,1469,6420,5.91765063739181
Other Worker,United Kingdom,1538,1710,870,1218,5336,4.91847099705961
Other Worker,Hungary,1550,1575,1743,1979,6847,6.311238927448866
Other Worker,Ireland,2080,1661,1367,1481,6589,6.073426799030316
Other Worker,Iceland,728,683,692,630,2733,2.5191494068523075
Other Worker,Italy,2328,2371,2347,2538,9584,8.834075344044097
Other Worker,Lithuania,1970,1670,1424,1186,6250,5.760952723317572
Other Worker,Netherlands,1403,1340,1220,1344,5307,4.891740176423416
Other Worker,Norway,1225,1097,1150,1042,4514,4.160790494888882
Other Worker,Poland,1484,1314,1782,1241,5821,5.365520928389054
Other Worker,Portugal,1121,881,1533,1100,4635,4.272322539612311
Other Worker,Sweden,1281,1232,1746,995,5254,4.842887297329683
Other Worker,Slovenia,1127,1068,1041,998,4234,3.9026998128842556
Other Worker,Total,27607,25481,31209,24192,108489,100.0
