Variable,Outliers (count),Outliers (%)
ipeqopt,2359,2.003363000203818
impenv,2257,1.9167402676812284
iphlppl,1637,1.390209932739996
netustm_log,965,0.8195189890617569
essround,0,0.0
lrscale,0,0.0
imbgeco,0,0.0
imueclt,0,0.0
imwbcnt,0,0.0
rlgdgr,0,0.0
gndr,0,0.0
hincfel,0,0.0
isco08,0,0.0
impfree,0,0.0
ipudrst,0,0.0
impdiff,0,0.0
ipcrtiv,0,0.0
impsafe,0,0.0
imptrad,0,0.0
ipbhprp,0,0.0
ipfrule,0,0.0
ipmodst,0,0.0
ipstrgv,0,0.0
manager,0,0.0
nwspol_log,0,0.0
age_category,0,0.0
education_category,0,0.0
