Country,Year,mean,sd,n
Belgium,2016,-0.08938064105845683,0.7459139282248413,170
Belgium,2018,-0.06769359656800969,0.7161120336762434,125
Belgium,2020,0.1669095236126586,0.7074145645025485,98
Belgium,2023,0.25536729537743313,0.6748109984224702,68
Belgium,Overall,0.021834492079755154,0.7306139449791124,461
Finland,2016,0.39716894876177444,0.6843916107020059,88
Finland,2018,0.5230861357002816,0.6414134967027327,101
Finland,2020,0.7611782096005184,0.655300700712811,61
Finland,2023,0.6278381177876535,0.629239269056217,78
Finland,Overall,0.5584933267372963,0.6623140752164192,328
France,2016,-0.2114995662361297,0.8529315604239528,203
France,2018,-0.20593040356638947,0.9233986322493654,36
France,2020,0.0802433043056639,0.779624489699609,179
France,2023,0.03807282078094663,0.8471098945990168,118
France,Overall,-0.05875328759600526,0.8417016055264871,536
Germany,2016,0.058747015225719845,0.8316490204544941,200
Germany,2018,0.1332564198690243,0.8115535238884974,173
Germany,2020,0.32288558986440313,0.827077863955354,437
Germany,2023,0.14119134092919,0.74567366913874,130
Germany,Overall,0.20665812848300433,0.8208310213859424,940
Hungary,2016,-0.7151385452903704,0.7971590740524873,38
Hungary,2018,-0.5410002709208701,0.8007315560966709,67
Hungary,2020,-0.43927436672964465,0.7785454108484949,79
Hungary,2023,-0.5545823110246108,1.0186290218728289,87
Hungary,Overall,-0.5401240549945219,0.869924377682696,271
Iceland,2016,0.6409791497903014,0.7099594024304023,97
Iceland,2018,0.7729123992096543,0.7430466243896594,111
Iceland,2020,0.8212542224851891,0.6659873146296327,137
Iceland,2023,0.6125274166554192,0.8029532060068141,99
Iceland,Overall,0.7232439111965951,0.730017738134484,444
Ireland,2016,0.30366794798645147,0.8289782971394711,225
Ireland,2018,0.41305311131205347,0.8743147028269229,162
Ireland,2020,0.7835442609622967,0.8337833896599591,62
Ireland,2023,0.45402425022351045,0.8171263682214855,208
Ireland,Overall,0.4235261500086101,0.8456362003931701,657
Italy,2016,-0.6159686886289837,0.9801404765229271,67
Italy,2018,-0.4166517357250518,1.0253193121914612,113
Italy,2020,-0.16672089704579884,0.8745305319615878,99
Italy,2023,-0.38763905873890003,0.9533340018460109,87
Italy,Overall,-0.37863801965270805,0.9688992999222447,366
Lithuania,2016,-0.13163068751007334,0.824743580255407,97
Lithuania,2018,-0.07850749441962178,0.7880067769881702,109
Lithuania,2020,-0.06795237135109496,0.8327279047808388,182
Lithuania,2023,-0.06065503497864931,0.7551083200414261,131
Lithuania,Overall,-0.08022858333009292,0.800980473524295,519
Netherlands,2016,0.10609633701405453,0.654772041173238,144
Netherlands,2018,0.1678556420509744,0.5886388958875047,155
Netherlands,2020,0.21740727951203348,0.5661944819987696,130
Netherlands,2023,0.17503968416974222,0.6617516105996253,179
Netherlands,Overall,0.16593839942577812,0.6220110140965626,608
Norway,2016,0.20324526522179132,0.7400966789347808,150
Norway,2018,0.23769165061514957,0.7701940550802523,160
Norway,2020,0.40440690232937015,0.7533676951147487,113
Norway,2023,0.2620322327599424,0.7464629801867095,130
Norway,Overall,0.2681367524479276,0.7545300766281793,553
Poland,2016,0.13888012293452962,0.7717328980855672,199
Poland,2018,0.18351529576960549,0.9050275427956099,174
Poland,2020,0.5263516336100051,0.8469800514837674,268
Poland,2023,0.12988078229066638,0.889279842483948,190
Poland,Overall,0.27112923269625844,0.8689357858655865,831
Portugal,2016,0.09023979781535559,0.5737077488109605,51
Portugal,2018,0.2891823542299692,0.7002272512390916,43
Portugal,2020,0.3056672162482743,0.7066423884300199,106
Portugal,2023,0.11242563263956962,0.6872961868855152,79
Portugal,Overall,0.20903018215525046,0.6813282433333794,279
Slovenia,2016,-0.11942145176327316,0.8861306686501543,56
Slovenia,2018,-0.18324708384798194,0.9183366327471792,95
Slovenia,2020,-0.06818550973206543,0.7619640456248488,82
Slovenia,2023,-0.012793049026182222,0.8227333354758487,110
Slovenia,Overall,-0.0906545815020729,0.8461116908290227,343
Spain,2016,0.06151538179792056,0.8208100114321606,83
Spain,2018,0.2267715898869285,0.8578708753258523,106
Spain,2020,0.3464229070923228,0.9060664172992842,143
Spain,2023,0.30836003548480323,0.8339472732739692,145
Spain,Overall,0.25868814691140557,0.8624230626188335,477
Sweden,2016,0.5274537393524661,0.6598248134189775,87
Sweden,2018,0.40269132835916316,0.819312597091493,82
Sweden,2020,0.05061040841211299,0.9233355322453779,259
Sweden,2023,0.41283513792883947,0.7846849288598048,85
Sweden,Overall,0.2477743601399699,0.866759113910449,513
Switzerland,2016,0.23232199771924175,0.8123296835000001,105
Switzerland,2018,0.2774637045714581,0.7376912656409483,142
Switzerland,2020,0.37212955638152695,0.6037963748774191,109
Switzerland,2023,0.3159624973899519,0.6082483641693147,122
Switzerland,Overall,0.2989606739264184,0.6953698457273301,478
United Kingdom,2016,0.08902231278061218,0.9211671219151449,155
United Kingdom,2018,0.12978483292813825,0.8625753594319462,195
United Kingdom,2020,0.37347068409902534,0.8712675913753775,129
United Kingdom,2023,0.4326204522761848,0.8726061916412868,180
United Kingdom,Overall,0.2506159340826546,0.8917789330332254,659
