term,estimate,se,z,p,ci_low,ci_high,kind,stars
Intercept,0.33204717002400264,0.03355333482865424,9.896100394183096,4.328239294122795e-23,0.2662838421986269,0.3978104978493784,fixed,***
self_transcendence,0.1826937480542155,0.004447662788213595,41.07634880467062,0.0,0.17397648917393788,0.19141100693449314,fixed,***
conservation,-0.19461927744112076,0.0045145586483975935,-43.10925886635658,0.0,-0.20346764979807386,-0.18577090508416766,fixed,***
netustm_log,0.014382779978195766,0.002409934117297246,5.9681216490374975,2.400004107724341e-09,0.009659395903178838,0.019106164053212693,fixed,***
nwspol_log,0.05747306050311935,0.0024253465774224715,23.696844417262067,3.886183855662995e-124,0.052719468561343824,0.06222665244489488,fixed,***
age_category,-0.021619901877133845,0.0014124823079052344,-15.306316940137107,6.938323015115679e-53,-0.02438831632942812,-0.01885148742483957,fixed,***
rlgdgr,0.011293569124506712,0.0008003245548986323,14.11123656694144,3.2384905073264613e-45,0.009724961820962344,0.01286217642805108,fixed,***
gndr,-0.004381327582129689,0.004621235249987596,-0.948085813666692,0.34308576966112614,-0.013438782236192331,0.004676127071932953,fixed,
education_category,0.10821563408051635,0.001861476802281179,58.1342909822468,0.0,0.10456720658998846,0.11186406157104424,fixed,***
hincfel,-0.1446075012797222,0.0032147225291813387,-44.982887315176136,0.0,-0.15090824165720712,-0.13830676090223726,fixed,***
lrscale,-0.07665010435831066,0.0010879958423072396,-70.4507327856731,0.0,-0.07878253702456217,-0.07451767169205914,fixed,***
country_year Var,0.06499972238589502,0.014264118484114727,,,,,random,
