Variable,Category,ESS R8,ESS R9,ESS R10,ESS R11,All Rounds,% of Total Sample
Age,18 & under,1277.0,1061.0,1335.0,944.0,4617.0,3.9209525103607583
Age,19-24,2158.0,1919.0,2425.0,1793.0,8295.0,7.044466336028263
Age,25-34,3847.0,3368.0,4081.0,3198.0,14494.0,12.308920442964876
Age,35-44,4431.0,3931.0,4569.0,3684.0,16615.0,14.110163733949319
Age,45-54,5167.0,4687.0,6036.0,4365.0,20255.0,17.20140634553978
Age,55-64,5249.0,4895.0,6023.0,4623.0,20790.0,17.65575107004552
Age,65 & over,7693.0,7769.0,9413.0,7811.0,32686.0,27.75833956111149
Gender,Male,14269.0,13032.0,15877.0,12568.0,55746.0,47.34187105102249
Gender,Female,15553.0,14598.0,18005.0,13850.0,62006.0,52.65812894897751
Manager Status,European Manager,2215.0,2149.0,2673.0,2226.0,9263.0,7.8665330525171555
Manager Status,Other European Worker,27607.0,25481.0,31209.0,24192.0,108489.0,92.13346694748284
Education Level,Less than lower secondary,3106.0,2646.0,2341.0,2021.0,10114.0,8.589238399347781
Education Level,Lower secondary completed,4906.0,4566.0,5034.0,4106.0,18612.0,15.806100957945512
Education Level,Upper secondary completed,10982.0,9824.0,12327.0,9521.0,42654.0,36.223588559005364
Education Level,Post-secondary non-tertiary completed,1648.0,1434.0,2096.0,1487.0,6665.0,5.660201100618249
Education Level,Tertiary education completed,9180.0,9160.0,12084.0,9283.0,39707.0,33.72087098308309
Income Feeling,Living comfortably on present income,10836.0,10272.0,13144.0,10788.0,45040.0,38.2498811060534
Income Feeling,Coping on present income,13890.0,12719.0,15779.0,11913.0,54301.0,46.11471567361913
Income Feeling,Difficult on present income,3956.0,3699.0,3962.0,3018.0,14635.0,12.42866363204022
Income Feeling,Very difficult on present income,1140.0,940.0,997.0,699.0,3776.0,3.2067395882872476
Political Position,Mean Political Position (0–10),5.1261149486955935,5.04361201592472,4.952246030340594,5.060867590279355,,
Religiosity,Mean Religiosity (0–10),4.559721011333915,4.427940644227289,4.100436810105661,4.328336740101446,,
