cntry,manager,mean,sd,n,se,ci_low,ci_high,Country,Group,sig
BE,1,0.06055120125344644,0.30940382390143856,461,0.014410372728686786,0.03230687070522034,0.08879553180167254,Belgium,Manager,True
BE,2,0.01492344243368868,0.32175388629185675,5036,0.004533993994009155,0.006036814205430736,0.023810070661946625,Belgium,Other Worker,True
CH,1,0.14844508103826914,0.2927570316062416,478,0.01339039494910781,0.12219990693801784,0.17469025513852046,Switzerland,Manager,True
CH,2,0.07901747499185306,0.3144757812062593,3820,0.005088098652411528,0.06904480163312647,0.08899014835057965,Switzerland,Other Worker,True
DE,1,0.22083718503559285,0.24770923975401468,940,0.008079384552313476,0.20500159131305845,0.23667277875812726,Germany,Manager,True
DE,2,0.11918936699443085,0.2773295122425682,13626,0.002375811036915163,0.11453277736207713,0.12384595662678456,Germany,Other Worker,True
ES,1,0.04685973222982292,0.3487267975739765,477,0.015967103192927243,0.01556420997168552,0.07815525448796032,Spain,Manager,True
ES,2,-0.038953017295695724,0.36432820752957695,6293,0.004592656150153324,-0.04795462334999624,-0.029951411241395207,Spain,Other Worker,True
FI,1,0.08455000812500366,0.27565595478001076,328,0.015220553878987738,0.05471772252218769,0.11438229372781962,Finland,Manager,True
FI,2,-0.01116312563393592,0.3156395640135036,6190,0.0040118631507478795,-0.019026377409401767,-0.0032998738584700763,Finland,Other Worker,True
FR,1,0.0687199125872499,0.34338298829575,536,0.014831886073523606,0.03964941588314363,0.09779040929135616,France,Manager,True
FR,2,-0.03537964925196932,0.34807383284813287,6420,0.0043441404857289334,-0.04389416460399803,-0.02686513389994061,France,Other Worker,True
GB,1,0.07723678433070108,0.3249782013544643,659,0.012659353386219287,0.05242445169371128,0.10204911696769088,United Kingdom,Manager,True
GB,2,-0.03248362800976668,0.3530181871190363,5336,0.0048326925852044955,-0.041955705476767496,-0.02301155054276587,United Kingdom,Other Worker,True
HU,1,-0.017176883926082367,0.3022477497264581,271,0.018360243248867723,-0.05316296069386311,0.018809192841698373,Hungary,Manager,False
HU,2,-0.20641389650886474,0.29434851739724366,6847,0.0035572278902913355,-0.21338606317383577,-0.19944172984389372,Hungary,Other Worker,True
IE,1,0.08724152940217766,0.29736216040366165,657,0.011601202795454783,0.06450317192308629,0.10997988688126904,Ireland,Manager,True
IE,2,-0.07460754652132649,0.3280459330151735,6589,0.004041335484436841,-0.08252856407082271,-0.06668652897183028,Ireland,Other Worker,True
IS,1,0.20756499666032122,0.3078663545526801,444,0.014610690602342505,0.1789280430797299,0.23620195024091253,Iceland,Manager,True
IS,2,0.1305815602844171,0.3151319265069663,2733,0.006027990908136893,0.11876669810446877,0.1423964224643654,Iceland,Other Worker,True
IT,1,-0.02180922041487154,0.33495136275765797,366,0.01750818820250855,-0.05612526929178829,0.012506828462045216,Italy,Manager,False
IT,2,-0.14286724288297897,0.3211724959461307,9584,0.003280688107184561,-0.1492973915730607,-0.13643709419289723,Italy,Other Worker,True
LT,1,0.06162240593518574,0.2849166090893548,519,0.012506451062517493,0.037109761852651454,0.08613505001772002,Lithuania,Manager,True
LT,2,-0.13728355001954806,0.29622356316713133,6250,0.003746964624875584,-0.14462760068430422,-0.1299394993547919,Lithuania,Other Worker,True
NL,1,0.1723197213194734,0.3157267490527467,608,0.012804410480083054,0.14722307677851063,0.19741636586043618,Netherlands,Manager,True
NL,2,0.0903143210083724,0.3364687338183293,5307,0.004618704421453167,0.0812616603423242,0.09936698167442061,Netherlands,Other Worker,True
NO,1,0.1366413319797227,0.30695649847036555,553,0.013053118072562292,0.11105722055750061,0.16222544340194478,Norway,Manager,True
NO,2,0.10342131950186949,0.31654227196032175,4514,0.004711410416430722,0.09418695508566527,0.1126556839180737,Norway,Other Worker,True
PL,1,0.029347984734633546,0.2866650578065311,831,0.00994430067754235,0.009857155406650539,0.04883881406261655,Poland,Manager,True
PL,2,-0.12810292682477942,0.30260894304283165,5821,0.00396627624624823,-0.13587682826742595,-0.12032902538213289,Poland,Other Worker,True
PT,1,-0.0003937203418818886,0.3429491442902151,279,0.02053182821335603,-0.040636103640059706,0.039848662956295924,Portugal,Manager,False
PT,2,-0.15038229943580714,0.3622260585136276,4635,0.005320529076917166,-0.1608105364265648,-0.1399540624450495,Portugal,Other Worker,True
SE,1,0.11537399451341648,0.2740672120953061,513,0.012100363014361369,0.09165728300526821,0.13909070602156476,Sweden,Manager,True
SE,2,0.08610612058503388,0.30609448936181305,5254,0.00422289688394566,0.07782924269250038,0.09438299847756737,Sweden,Other Worker,True
SI,1,0.17860063388821396,0.29149732798028516,343,0.01573937627909519,0.1477514563811874,0.20944981139524052,Slovenia,Manager,True
SI,2,-0.026471468326482072,0.32281873986940596,4234,0.004961160886165678,-0.0361953436633668,-0.016747592989597344,Slovenia,Other Worker,True
