Country,variable,n,intercept,slope,se,p,stars
Belgium,netustm_log,4569,-0.025460052526865277,0.040756118378013184,0.010828454082389567,0.00016945289544670103,***
Belgium,nwspol_log,4569,-0.019647459363586917,0.05457931937641615,0.01129148928507826,1.3843854612342975e-06,***
Finland,netustm_log,5766,0.2224189442083659,0.04981551113929691,0.010009279251609413,6.647702462050163e-07,***
Finland,nwspol_log,5766,0.2234738047551138,0.08267395400255168,0.01127347283200791,2.5517200657086506e-13,***
France,netustm_log,5749,-0.11422942992668432,0.04997257921115632,0.010709050103442301,3.1349567542790542e-06,***
France,nwspol_log,5749,-0.11928553208393473,0.004421165695430298,0.010317877650133932,0.6683063583100295,
Germany,netustm_log,11627,0.011743816088086216,0.02547608430078292,0.007335289259487211,0.000516384563934707,***
Germany,nwspol_log,11627,0.010591370514956828,0.05181897966043744,0.009128172124238521,1.4050802085591487e-08,***
Hungary,netustm_log,5344,-0.4984141173230866,-0.009878784812170308,0.013102943323243983,0.450920692670829,
Hungary,nwspol_log,5344,-0.5084108297111491,-0.024132558539360006,0.007941134333708631,0.002385679311542269,**
Iceland,netustm_log,2496,0.42496582618392365,0.05312359806428575,0.013251112694143691,6.276836699827859e-05,***
Iceland,nwspol_log,2496,0.4449951380283774,0.052218520650849025,0.013567886961366023,0.00012173600544832524,***
Ireland,netustm_log,5967,0.11223513642106622,0.027101261392737025,0.011661744339562333,0.020161826976387777,*
Ireland,nwspol_log,5967,0.11804642253247806,0.07753374655713756,0.008763510713204428,1.1636710114615083e-18,***
Italy,netustm_log,7304,-0.2902995801322938,0.04961214382935977,0.011491543288074772,1.600548275828529e-05,***
Italy,nwspol_log,7304,-0.2946495912123206,0.033057404033234365,0.008864299231557057,0.0001934860739786993,***
Lithuania,netustm_log,5767,-0.18301110940292153,0.05981522105375642,0.01227562257212918,1.1303802345504785e-06,***
Lithuania,nwspol_log,5767,-0.17850859827973325,-0.0043381511182411705,0.009486189072484748,0.6474638091549388,
Netherlands,netustm_log,5241,0.07933194380762988,0.04134859397799913,0.008379348933983405,8.280881145628007e-07,***
Netherlands,nwspol_log,5241,0.08149794953362369,0.06702506094346009,0.010296781407674635,8.253419406095455e-11,***
Norway,netustm_log,4350,0.13351208247943785,0.05859161185000571,0.010971137139975447,9.741029338990876e-08,***
Norway,nwspol_log,4350,0.13323999262958738,0.0902376507157015,0.013178486058489246,8.574661068392516e-12,***
Poland,netustm_log,5641,-0.00962460657581929,0.06046697387148778,0.011737532430848355,2.6706836029710115e-07,***
Poland,nwspol_log,5641,-0.0071422012306068955,0.033902835588425106,0.010745054953362327,0.0016122990579549947,**
Portugal,netustm_log,4177,0.012096415702925776,0.04760376704941735,0.012466102549975032,0.00013612762859572532,***
Portugal,nwspol_log,4177,0.012345877302647914,0.03438070474044973,0.010669367145974419,0.0012810943239579895,**
Slovenia,netustm_log,3882,-0.28473625110770806,0.032415521122906535,0.01349534871016916,0.01635344666726008,*
Slovenia,nwspol_log,3882,-0.28554229283398147,0.006339248365560988,0.01154987782775178,0.5831341568354611,
Spain,netustm_log,5356,0.06689651479585976,0.04301974380198589,0.011217262910329444,0.0001269361333864122,***
Spain,nwspol_log,5356,0.0751837164545611,0.0704961802768109,0.009247648250633086,2.9107655157767607e-14,***
Sweden,netustm_log,4588,0.12857386926931372,0.02326277938071933,0.01144618007587942,0.042174548871637775,*
Sweden,nwspol_log,4588,0.12865314693932323,0.023050613750105427,0.014020554869044709,0.10023264283863431,
Switzerland,netustm_log,3740,0.10688003003641804,0.03617343182797692,0.010681357099992654,0.0007149644809648949,***
Switzerland,nwspol_log,3740,0.1113400861556566,0.07957695908336541,0.013278383446700246,2.2554767337320415e-09,***
United Kingdom,netustm_log,4677,0.030164174688972093,0.05011315645650128,0.012598044136626695,7.059251688825883e-05,***
United Kingdom,nwspol_log,4677,0.05444001061512649,0.0874685640112292,0.009103069069756985,1.1635507330997966e-21,***
