variable,codes,method,n_imputed,replacement
agea,999,median,1188,51.0
gndr,9,mode,397,2.0
edulvlb,"5555,7777,8888,9999",mode,1322,213.0
hincfel,"7,8,9",mode,2197,2.0
rlgdgr,"77,88,99",mode,1205,0.0
lrscale,"77,88,99",mode,14836,5.0
brncntr,"7,8,9",mode,200,1.0
isco08,"66666,77777,88888,99999",mode,14538,5223.0
impenv,"66,77,88,99,7,8,9",median,17066,2.0
impfree,"66,77,88,99,7,8,9",median,17158,2.0
iphlppl,"66,77,88,99,7,8,9",median,17079,2.0
ipudrst,"66,77,88,99,7,8,9",median,17408,2.0
impdiff,"66,77,88,99,7,8,9",median,17216,3.0
ipcrtiv,"66,77,88,99,7,8,9",median,17353,2.0
ipeqopt,"66,77,88,99,7,8,9",median,17233,2.0
impsafe,"66,77,88,99,7,8,9",median,17065,2.0
imptrad,"66,77,88,99,7,8,9",median,17182,3.0
ipbhprp,"66,77,88,99,7,8,9",median,17475,2.0
ipfrule,"66,77,88,99,7,8,9",median,17901,3.0
ipmodst,"66,77,88,99,7,8,9",median,17322,2.0
ipstrgv,"66,77,88,99,7,8,9",median,18081,2.0
netustm,"6666,7777,8888,9999",median,31542,180.0
nwspol,"7777,8888,9999",median,1503,60.0
imbgeco,"77,88,99",median,3611,6.0
imueclt,"77,88,99",median,3344,6.0
imwbcnt,"77,88,99",median,3841,5.0
