cntry,essround,n
BE,8,1766
BE,9,1767
BE,10,1341
BE,11,1594
CH,8,1525
CH,9,1542
CH,10,1523
CH,11,1384
DE,8,2852
DE,9,2358
DE,10,8725
DE,11,2420
ES,8,1958
ES,9,1668
ES,10,2283
ES,11,1844
FI,8,1925
FI,9,1755
FI,10,1577
FI,11,1563
FR,8,2070
FR,9,2010
FR,10,1977
FR,11,1771
GB,8,1959
GB,9,2204
GB,10,1149
GB,11,1684
HU,8,1614
HU,9,1661
HU,10,1849
HU,11,2118
IE,8,2757
IE,9,2216
IE,10,1770
IE,11,2017
IS,8,880
IS,9,861
IS,10,903
IS,11,842
IT,8,2626
IT,9,2745
IT,10,2640
IT,11,2865
LT,8,2122
LT,9,1835
LT,10,1659
LT,11,1365
NL,8,1681
NL,9,1673
NL,10,1470
NL,11,1695
NO,8,1545
NO,9,1406
NO,10,1411
NO,11,1337
PL,8,1694
PL,9,1500
PL,10,2065
PL,11,1442
PT,8,1270
PT,9,1055
PT,10,1838
PT,11,1373
SE,8,1551
SE,9,1539
SE,10,2287
SE,11,1230
SI,8,1307
SI,9,1318
SI,10,1252
SI,11,1248
