column,dtype,missing,unique
name,object,0,5
essround,int64,0,4
edition,float64,0,4
proddate,object,0,3
idno,int64,0,69768
cntry,object,0,18
dweight,float64,0,7060
pspwght,float64,0,32094
pweight,float64,0,72
anweight,float64,0,32127
prob,float64,33102,4788
stratum,float64,33102,2770
psu,float64,33102,25195
netustm,int64,0,435
nwspol,int64,0,933
lrscale,int64,0,14
imbgeco,int64,0,14
imueclt,int64,0,14
imwbcnt,int64,0,14
brncntr,int64,0,5
rlgdgr,int64,0,14
gndr,int64,0,3
agea,int64,0,87
edulvlb,int64,0,31
hincfel,int64,0,7
isco08,int64,0,593
impdiff,float64,45152,9
impdiffa,float64,101934,10
impenv,float64,45152,9
impenva,float64,101934,10
impfree,float64,45152,9
impfreea,float64,101934,10
impfun,float64,45152,9
impfuna,float64,101934,10
imprich,float64,45152,9
impricha,float64,101934,10
impsafe,float64,45152,9
impsafea,float64,101934,10
imptrad,float64,45152,9
imptrada,float64,101934,10
ipadvnt,float64,45152,9
ipadvnta,float64,101934,10
ipbhprp,float64,45152,9
ipbhprpa,float64,101934,10
ipcrtiv,float64,45152,9
ipcrtiva,float64,101934,10
ipeqopt,float64,45152,9
ipeqopta,float64,101934,10
ipfrule,float64,45152,9
ipfrulea,float64,101934,10
ipgdtim,float64,45152,9
ipgdtima,float64,101934,10
iphlppl,float64,45152,9
iphlppla,float64,101934,10
iplylfr,float64,45152,9
iplylfra,float64,101934,10
ipmodst,float64,45152,9
ipmodsta,float64,101934,10
iprspot,float64,45152,9
iprspota,float64,101934,10
ipshabt,float64,45152,9
ipshabta,float64,101934,10
ipstrgv,float64,45152,9
ipstrgva,float64,101934,10
ipsuces,float64,45152,9
ipsucesa,float64,101934,10
ipudrst,float64,45152,9
ipudrsta,float64,101934,10
