variable,count,mean,std,min,25%,50%,75%,max
essround,131726.0,9.487382900869989,1.0976208518850776,8.0,8.0,10.0,10.0,11.0
edition,131726.0,2.6907747900945904,0.5206590967664483,2.0,2.3,3.1,3.2,3.2
dweight,131726.0,1.0000446229132138,0.29866298573912287,0.03776984,0.94748235,1.0,1.0149261,6.2069917
pspwght,131726.0,1.0000000010274277,0.5050618391004053,0.027701601,0.71889436,0.9286218,1.1555357,4.342649
pweight,131726.0,1.1562532509005128,1.0384344099947957,0.030226024,0.3098638,0.7067043,1.9948093,4.7942204
anweight,131726.0,1.1562532454440566,1.3502226397029609,0.0036041732,0.27290714,0.6196944,1.7760317,19.176882
prob,98624.0,0.0009615439995618459,0.0025077304684832107,4.5821703e-06,0.00012835317,0.0003375472,0.0007575,0.04545035
netustm,131726.0,1789.7672517194783,2800.5804266473774,0.0,120.0,240.0,720.0,9999.0
nwspol,131726.0,196.68558978485643,970.9753087206719,0.0,30.0,60.0,119.0,9999.0
lrscale,131726.0,14.108034860240195,25.676034059805342,0.0,4.0,5.0,7.0,99.0
imbgeco,131726.0,7.842703794239558,13.758294952394365,0.0,4.0,6.0,8.0,99.0
imueclt,131726.0,7.965367505276103,13.250363156998965,0.0,5.0,6.0,8.0,99.0
imwbcnt,131726.0,7.801770341466377,14.185721419024116,0.0,4.0,5.0,7.0,99.0
brncntr,131726.0,1.1175849870185082,0.4245612307424383,1.0,1.0,1.0,1.0,9.0
rlgdgr,131726.0,5.225991831529083,8.519536210485168,0.0,2.0,5.0,7.0,99.0
gndr,131726.0,1.5483579551493252,0.6453210418941507,1.0,1.0,2.0,2.0,9.0
agea,131726.0,59.07002414102,91.60999108024724,15.0,36.0,51.0,66.0,999.0
edulvlb,131726.0,476.76154289965535,808.5043271270735,0.0,229.0,322.0,610.0,9999.0
hincfel,131726.0,1.9209343637550673,1.1207104387992464,1.0,1.0,2.0,2.0,9.0
isco08,131726.0,12448.345467105963,22659.28781394694,0.0,2619.0,5131.0,8100.0,99999.0
impdiff,86574.0,3.0849793240464805,1.472654365810714,1.0,2.0,3.0,4.0,9.0
impdiffa,29792.0,4.482914876476906,10.910441774238375,1.0,2.0,3.0,4.0,99.0
impenv,86574.0,2.1934529997458823,1.2295010362816803,1.0,1.0,2.0,3.0,9.0
impenva,29792.0,3.504665682062299,10.682747241843009,1.0,1.0,2.0,3.0,99.0
impfree,86574.0,2.2657726338161575,1.2955562531989577,1.0,1.0,2.0,3.0,9.0
impfreea,29792.0,3.483888292158969,10.625631292328302,1.0,1.0,2.0,3.0,99.0
impfun,86574.0,3.0531106336775475,1.4528413965820028,1.0,2.0,3.0,4.0,9.0
impfuna,29792.0,4.38000134264232,11.010632614566392,1.0,2.0,3.0,4.0,99.0
imprich,86574.0,4.353327788943563,1.3238807556155485,1.0,3.0,5.0,5.0,9.0
impricha,29792.0,5.6904873791621915,10.813907043713545,1.0,3.0,5.0,5.0,99.0
impsafe,86574.0,2.5004851341049275,1.391709927164316,1.0,2.0,2.0,3.0,9.0
impsafea,29792.0,3.714923469387755,10.64530609592588,1.0,1.0,2.0,3.0,99.0
imptrad,86574.0,2.900016171136831,1.499542859342292,1.0,2.0,3.0,4.0,9.0
imptrada,29792.0,4.357948442534909,11.011348761363841,1.0,2.0,3.0,4.0,99.0
ipadvnt,86574.0,3.9557257375193475,1.513149127781027,1.0,3.0,4.0,5.0,9.0
ipadvnta,29792.0,5.3173335123523096,10.954956630987754,1.0,3.0,4.0,5.0,99.0
ipbhprp,86574.0,2.8226141797768385,1.4228486349589338,1.0,2.0,3.0,4.0,9.0
ipbhprpa,29792.0,4.366239258861439,11.725647877536229,1.0,2.0,2.0,4.0,99.0
ipcrtiv,86574.0,2.6743710582853977,1.4036919069901133,1.0,2.0,2.0,3.0,9.0
ipcrtiva,29792.0,4.07280477980666,11.243684088853762,1.0,2.0,2.0,3.0,99.0
ipeqopt,86574.0,2.1833229376025134,1.2594048338285437,1.0,1.0,2.0,3.0,9.0
ipeqopta,29792.0,3.4414607948442537,11.073702977827017,1.0,1.0,2.0,2.0,99.0
ipfrule,86574.0,3.4052371381708135,1.5355514813669227,1.0,2.0,3.0,5.0,9.0
ipfrulea,29792.0,5.270710257787325,12.634434652992265,1.0,2.0,3.0,5.0,99.0
ipgdtim,86574.0,3.01440386259154,1.4613365746389961,1.0,2.0,3.0,4.0,9.0
ipgdtima,29792.0,4.358015574650913,11.064622926103068,1.0,2.0,3.0,4.0,99.0
iphlppl,86574.0,2.202924665603992,1.1822628643410533,1.0,1.0,2.0,3.0,9.0
iphlppla,29792.0,3.4477376476906554,10.492860354014677,1.0,1.0,2.0,3.0,99.0
iplylfr,86574.0,2.0208376648878414,1.1727050717942666,1.0,1.0,2.0,2.0,9.0
iplylfra,29792.0,3.3332102577873255,10.778615463026506,1.0,1.0,2.0,2.0,99.0
ipmodst,86574.0,2.688959733869291,1.377523056132719,1.0,2.0,2.0,3.0,9.0
ipmodsta,29792.0,4.083680182599355,11.136976134972151,1.0,2.0,2.0,3.0,99.0
iprspot,86574.0,3.3493658604199874,1.5076879754328036,1.0,2.0,3.0,4.0,9.0
iprspota,29792.0,5.039238721804511,12.03183140399349,1.0,2.0,3.0,4.0,99.0
ipshabt,86574.0,3.374280961951625,1.5043749858089184,1.0,2.0,3.0,5.0,9.0
ipshabta,29792.0,4.852611439312567,11.196104295498234,1.0,2.0,3.0,5.0,99.0
ipstrgv,86574.0,2.5328967126388986,1.4384190484927468,1.0,2.0,2.0,3.0,9.0
ipstrgva,29792.0,4.469320622986037,13.078635962573296,1.0,2.0,2.0,3.0,99.0
ipsuces,86574.0,3.346570563910643,1.4966860184064699,1.0,2.0,3.0,4.0,9.0
ipsucesa,29792.0,4.887755102040816,11.486861746583838,1.0,2.0,3.0,4.0,99.0
ipudrst,86574.0,2.435327003488345,1.276141731302344,1.0,2.0,2.0,3.0,9.0
ipudrsta,29792.0,3.8751006981740064,11.419628575851817,1.0,2.0,2.0,3.0,99.0
