variable,pooled_mean,pooled_population_sd
imbgeco,5.584903511835173,2.4469531704008727
imueclt,5.873107814706284,2.5437728346186335
imwbcnt,5.3700484338703065,2.3332228744938166
netustm_log,5.092903888806334,0.8222018230415878
nwspol_log,3.8490897462191294,1.3190653814244813
impenv,3.923181452408788,0.9324532144496183
impfree,3.891593155489425,0.985231540645388
iphlppl,3.914147548699573,0.8806100438770084
ipudrst,3.75243308078891,0.9536006654859484
impdiff,3.1540394455156915,1.24888054152922
ipcrtiv,3.590346628607868,1.1225429495241568
ipeqopt,3.9813324628395304,0.9229420011036938
impsafe,3.715834383493008,1.1143531932746134
imptrad,3.3590786936519748,1.2441734535970597
ipbhprp,3.476215781242883,1.1559500502497286
ipfrule,3.043567708728725,1.3287517901045707
ipmodst,3.555850781166968,1.1082854595073925
ipstrgv,3.7232588858691527,1.0701581402518539
